,start station id,start station name,start station latitude,start station longitude,Coordinates
255,72,W 52 St & 11 Ave,40.76727216,-73.99392888,"(40.767272159999997, -73.993928879999999)"
2152,79,Franklin St & W Broadway,40.71911552,-74.00666661,"(40.719115520000003, -74.006666609999996)"
383,82,St James Pl & Pearl St,40.71117416,-74.00016545,"(40.711174159999999, -74.000165449999997)"
356,83,Atlantic Ave & Fort Greene Pl,40.68382604,-73.97632328,"(40.68382604, -73.976323280000003)"
18,116,W 17 St & 8 Ave,40.74177603,-74.00149746,"(40.741776029999997, -74.001497459999996)"
2813,119,Park Ave & St Edwards St,40.69608941,-73.97803415,"(40.696089409999999, -73.978034149999999)"
880,120,Lexington Ave & Classon Ave,40.68676793,-73.95928168,"(40.686767930000002, -73.959281680000004)"
51,127,Barrow St & Hudson St,40.73172428,-74.00674436,"(40.731724280000002, -74.006744359999999)"
27,128,MacDougal St & Prince St,40.72710258,-74.00297088,"(40.72710258, -74.002970880000007)"
2462,137,E 56 St & Madison Ave,40.761628,-73.972924,"(40.761628000000002, -73.972924000000006)"
926,143,Clinton St & Joralemon St,40.69239502,-73.99337909,"(40.692395019999999, -73.993379090000005)"
4427,144,Nassau St & Navy St,40.69839895,-73.98068914,"(40.698398949999998, -73.980689139999996)"
488,146,Hudson St & Reade St,40.71625008,-74.0091059,"(40.716250080000002, -74.009105899999994)"
336,147,Greenwich St & Warren St,40.71542197,-74.01121978,"(40.715421970000001, -74.011219780000005)"
133,150,E 2 St & Avenue C,40.720873600000004,-73.98085795,"(40.720873600000004, -73.980857950000001)"
83,151,Cleveland Pl & Spring St,40.72210378668603,-73.99724900722505,"(40.722103786686027, -73.997249007225051)"
439,152,Warren St & Church St,40.71473993,-74.00910627,"(40.71473993, -74.009106270000004)"
56,153,E 40 St & 5 Ave,40.752062306999996,-73.9816324043,"(40.752062306999996, -73.981632404300001)"
149,157,Henry St & Atlantic Ave,40.69089272,-73.99612349,"(40.690892720000001, -73.996123490000002)"
716308,160,E 37 St & Lexington Ave,40.44535,-73.978238,"(40.445349999999998, -73.978238000000005)"
78,161,LaGuardia Pl & W 3 St,40.72917025,-73.99810231,"(40.729170250000003, -73.998102309999993)"
74,164,E 47 St & 2 Ave,40.75323098,-73.97032517,"(40.753230979999998, -73.970325169999995)"
146,167,E 39 St & 3 Ave,40.7489006,-73.97604882,"(40.748900599999999, -73.976048820000003)"
46,168,W 18 St & 6 Ave,40.73971301,-73.99456405,"(40.739713010000003, -73.994564049999994)"
28,173,Broadway & W 49 St,40.76068327096592,-73.98452728986742,"(40.76068327096592, -73.984527289867415)"
136,174,E 25 St & 1 Ave,40.7381765,-73.97738662,"(40.738176500000002, -73.977386620000004)"
261,195,Liberty St & Broadway,40.70905623,-74.01043382,"(40.709056230000002, -74.010433820000003)"
123,212,W 16 St & The High Line,40.74334935,-74.00681753,"(40.743349350000003, -74.006817530000006)"
1739,216,Columbia Heights & Cranberry St,40.70037867,-73.99548059,"(40.700378669999999, -73.99548059)"
510,217,Old Fulton St,40.70277159,-73.99383605,"(40.702771589999998, -73.993836049999999)"
429,224,Spruce St & Nassau St,40.71146364,-74.00552427,"(40.711463639999998, -74.005524269999995)"
3944,225,W 14 St & The High Line,40.74195138,-74.00803013,"(40.741951380000003, -74.008030129999995)"
592,228,E 48 St & 3 Ave,40.7546011026,-73.971878855,"(40.754601102599999, -73.971878855)"
143,229,Great Jones St,40.72743423,-73.99379025,"(40.72743423, -73.993790250000004)"
7390,232,Cadman Plaza E & Tillary St,40.69597683,-73.99014892,"(40.695976829999999, -73.990148919999996)"
8,236,St Marks Pl & 2 Ave,40.7284186,-73.98713956,"(40.728418599999998, -73.987139560000003)"
25,237,E 11 St & 2 Ave,40.73047309,-73.98672378,"(40.730473089999997, -73.986723780000005)"
11,238,Bank St & Washington St,40.7361967,-74.00859207,"(40.736196700000001, -74.008592070000006)"
1103,239,Willoughby St & Fleet St,40.69196566,-73.9813018,"(40.691965660000001, -73.981301799999997)"
389,241,DeKalb Ave & S Portland Ave,40.68981035,-73.97493121,"(40.689810350000002, -73.974931209999994)"
2759,242,Carlton Ave & Flushing Ave,40.697787,-73.973736,"(40.697786999999998, -73.973736000000002)"
272,243,Fulton St & Rockwell Pl,40.688226,-73.979382,"(40.688226, -73.979382000000001)"
325,244,Willoughby Ave & Hall St,40.69196035,-73.96536851,"(40.691960350000002, -73.965368510000005)"
5120,245,Myrtle Ave & St Edwards St,40.69327018,-73.97703874,"(40.693270179999999, -73.977038739999998)"
602,247,Perry St & Bleecker St,40.73535398,-74.00483091,"(40.735353979999999, -74.004830909999995)"
5806,248,Laight St & Hudson St,40.72185379,-74.00771779,"(40.721853789999997, -74.007717790000001)"
3565,249,Harrison St & Hudson St,40.71870987,-74.0090009,"(40.718709869999998, -74.009000900000004)"
50,251,Mott St & Prince St,40.72317958,-73.99480012,"(40.72317958, -73.994800119999994)"
152,252,MacDougal St & Washington Sq,40.73226398,-73.99852205,"(40.732263979999999, -73.998522050000005)"
98,253,W 13 St & 5 Ave,40.73543934,-73.99453948,"(40.735439339999999, -73.99453948)"
57,254,W 11 St & 6 Ave,40.73532427,-73.99800419,"(40.73532427, -73.998004190000003)"
14166,255,NYCBS Depot - SSP,40.646768,-74.01651,"(40.646768000000002, -74.016509999999997)"
2383,257,Lispenard St & Broadway,40.71939226,-74.00247214,"(40.719392259999999, -74.002472139999995)"
424,258,DeKalb Ave & Vanderbilt Ave,40.68940747,-73.96885458,"(40.689407469999999, -73.968854579999999)"
1812,259,South St & Whitehall St,40.70122128,-74.01234218,"(40.701221279999999, -74.012342180000005)"
747,260,Broad St & Bridge St,40.70365182,-74.01167797,"(40.703651819999997, -74.011677969999994)"
787,261,Johnson St & Gold St,40.69474881,-73.98362464,"(40.69474881, -73.983624640000002)"
2508,262,Washington Park,40.6917823,-73.97372990000001,"(40.6917823, -73.973729900000009)"
71,263,Elizabeth St & Hester St,40.71759081805981,-73.99622440338135,"(40.717590818059811, -73.996224403381348)"
477,264,Maiden Ln & Pearl St,40.70706456,-74.00731853,"(40.707064559999999, -74.007318530000006)"
355,265,Stanton St & Chrystie St,40.72229346,-73.99147535,"(40.722293460000003, -73.991475350000002)"
827,266,Avenue D & E 8 St,40.72368361,-73.97574813,"(40.723683610000002, -73.975748129999999)"
927,267,Broadway & W 36 St,40.75097711,-73.98765428,"(40.750977110000001, -73.987654280000001)"
187,268,Howard St & Centre St,40.71910537,-73.99973337,"(40.719105370000001, -73.999733370000001)"
993,270,Adelphi St & Myrtle Ave,40.69308257,-73.97178913,"(40.693082570000001, -73.971789130000005)"
1242,274,Lafayette Ave & Fort Greene Pl,40.68691865,-73.976682,"(40.686918650000003, -73.976681999999997)"
175,275,Washington Ave & Greene Ave,40.68650065,-73.96563307,"(40.686500649999999, -73.965633069999996)"
2524,276,Duane St & Greenwich St,40.71748752,-74.0104554,"(40.717487519999999, -74.010455399999998)"
131,278,Concord St & Bridge St,40.69766564,-73.98476437,"(40.697665639999997, -73.984764369999994)"
525,279,Peck Slip & Front St,40.707873,-74.00166999999999,"(40.707872999999999, -74.00166999999999)"
1397,280,E 10 St & 5 Ave,40.73331967,-73.99510132,"(40.73331967, -73.995101320000003)"
12,281,Grand Army Plaza & Central Park S,40.764397100000004,-73.97371465,"(40.764397100000004, -73.973714650000005)"
1389,282,Kent Ave & S 11 St,40.7076449441757,-73.96841526031494,"(40.707644944175698, -73.968415260314941)"
13,284,Greenwich Ave & 8 Ave,40.7390169121,-74.0026376103,"(40.739016912099999, -74.002637610299999)"
55,285,Broadway & E 14 St,40.73454567,-73.99074142,"(40.734545670000003, -73.990741420000006)"
1454,289,Monroe St & Classon Ave,40.684568299999995,-73.95881081,"(40.684568299999995, -73.958810810000003)"
1269,291,Madison St & Montgomery St,40.713126,-73.984844,"(40.713126000000003, -73.984843999999995)"
293,295,Pike St & E Broadway,40.71406667,-73.99293911,"(40.714066670000001, -73.992939109999995)"
1083,296,Division St & Bowery,40.71413089,-73.99704679999999,"(40.71413089, -73.997046799999993)"
3,297,E 15 St & 3 Ave,40.734232,-73.986923,"(40.734231999999999, -73.986923000000004)"
8439,298,3 Ave & Schermerhorn St,40.68683208,-73.9796772,"(40.686832080000002, -73.979677199999998)"
868,301,E 2 St & Avenue B,40.72217444,-73.98368779,"(40.722174440000003, -73.983687790000005)"
314,302,Avenue D & E 3 St,40.72082834,-73.97793172,"(40.720828339999997, -73.977931720000001)"
444,303,Mercer St & Spring St,40.72362738,-73.99949601,"(40.723627380000003, -73.999496010000001)"
394,304,Broadway & Battery Pl,40.70463334,-74.01361706,"(40.704633340000001, -74.013617060000001)"
260,305,E 58 St & 3 Ave,40.76095756,-73.96724467,"(40.760957560000001, -73.967244669999999)"
347,306,Cliff St & Fulton St,40.70823502,-74.00530063,"(40.708235019999996, -74.005300629999994)"
259,307,Canal St & Rutgers St,40.71427487,-73.98990025,"(40.714274869999997, -73.989900250000005)"
139,308,St James Pl & Oliver St,40.71307916,-73.99851193,"(40.713079159999999, -73.998511930000006)"
3214,309,Murray St & West St,40.7149787,-74.013012,"(40.714978700000003, -74.013012000000003)"
87,310,State St & Smith St,40.68926942,-73.98912867,"(40.689269420000002, -73.989128669999999)"
381,311,Norfolk St & Broome St,40.7172274,-73.98802084,"(40.717227399999999, -73.988020840000004)"
0,312,Allen St & Stanton St,40.722055,-73.989111,"(40.722054999999997, -73.989110999999994)"
258,313,Washington Ave & Park Ave,40.69610226,-73.96751037,"(40.696102260000004, -73.967510369999999)"
158,315,South St & Gouverneur Ln,40.70355377,-74.00670227,"(40.703553769999999, -74.006702270000005)"
1,316,Fulton St & William St,40.70955958,-74.00653609,"(40.709559579999997, -74.006536089999997)"
830,317,E 6 St & Avenue B,40.72453734,-73.98185424,"(40.724537339999998, -73.981854240000004)"
2481,319,Fulton St & Broadway,40.711065999999995,-74.009447,"(40.711065999999995, -74.009446999999994)"
1310,320,Leonard St & Church St,40.717571,-74.005549,"(40.717571, -74.005549000000002)"
713,321,Cadman Plaza E & Red Cross Pl,40.69991755,-73.98971773,"(40.699917550000002, -73.989717729999995)"
2979,322,Clinton St & Tillary St,40.696191999999996,-73.991218,"(40.696191999999996, -73.991218000000003)"
1518,323,Lawrence St & Willoughby St,40.69236178,-73.98631746,"(40.692361779999999, -73.986317459999995)"
58,324,DeKalb Ave & Hudson Ave,40.689888,-73.981013,"(40.689888000000003, -73.981013000000004)"
537,325,E 19 St & 3 Ave,40.73624527,-73.98473765,"(40.736245269999998, -73.98473765)"
282,326,E 11 St & 1 Ave,40.72953837,-73.98426726,"(40.72953837, -73.984267259999996)"
162,327,Vesey Pl & River Terrace,40.715337899999994,-74.01658354,"(40.715337899999994, -74.016583539999999)"
379,328,Watts St & Greenwich St,40.72405549,-74.00965965,"(40.724055489999998, -74.009659650000003)"
1285,329,Greenwich St & North Moore St,40.72015227023285,-74.01036500930786,"(40.720152270232852, -74.010365009307861)"
2018,330,Reade St & Broadway,40.71450451,-74.00562789,"(40.714504509999998, -74.00562789)"
1510,331,Pike St & Monroe St,40.71173107,-73.99193043,"(40.711731069999999, -73.991930429999996)"
1250,332,Cherry St,40.71219906,-73.97948148,"(40.712199060000003, -73.979481480000004)"
81,334,W 20 St & 7 Ave,40.74238787,-73.99726235,"(40.742387870000002, -73.99726235)"
197,335,Washington Pl & Broadway,40.72903917,-73.99404649,"(40.72903917, -73.994046490000002)"
117,336,Sullivan St & Washington Sq,40.73047747,-73.99906065,"(40.730477469999997, -73.999060650000004)"
810,337,Old Slip & Front St,40.703799200000006,-74.00838676,"(40.703799200000006, -74.008386759999993)"
717,339,Avenue D & E 12 St,40.72580614,-73.97422494,"(40.725806140000003, -73.974224939999999)"
461,340,Madison St & Clinton St,40.71269042,-73.98776323,"(40.712690420000001, -73.987763229999999)"
802,341,Stanton St & Mangin St,40.71782143,-73.97628939,"(40.717821430000001, -73.976289390000005)"
1297,342,Columbia St & Rivington St,40.71739973,-73.98016555,"(40.717399729999997, -73.980165549999995)"
3360,343,Clinton Ave & Flushing Ave,40.69794,-73.96986848,"(40.697940000000003, -73.969868480000002)"
698,344,Monroe St & Bedford Ave,40.6851443,-73.95380904,"(40.685144299999997, -73.953809039999996)"
62,345,W 13 St & 6 Ave,40.73649403,-73.99704374,"(40.736494030000003, -73.997043739999995)"
985,346,Bank St & Hudson St,40.73652889,-74.00618026,"(40.736528890000002, -74.006180259999994)"
2210,347,Greenwich St & W Houston St,40.728846000000004,-74.00859100000001,"(40.728846000000004, -74.00859100000001)"
132,348,W Broadway & Spring St,40.72490985,-74.00154702,"(40.724909850000003, -74.001547020000004)"
594,349,Rivington St & Ridge St,40.71850211,-73.98329859,"(40.718502110000003, -73.983298590000004)"
818,350,Clinton St & Grand St,40.71559509,-73.9870295,"(40.715595090000001, -73.987029500000006)"
189,351,Front St & Maiden Ln,40.70530954,-74.00612572,"(40.705309540000002, -74.00612572)"
558,352,W 56 St & 6 Ave,40.76340613,-73.97722479,"(40.76340613, -73.977224789999994)"
1784,353,S Portland Ave & Hanson Pl,40.68539567,-73.97431458,"(40.685395669999998, -73.974314579999998)"
380,354,Emerson Pl & Myrtle Ave,40.69363137,-73.96223558,"(40.693631369999999, -73.962235579999998)"
813,355,Bayard St & Baxter St,40.71602118,-73.99974372,"(40.716021179999998, -73.999743719999998)"
741,356,Bialystoker Pl & Delancey St,40.71622644,-73.98261206,"(40.71622644, -73.982612059999994)"
470,357,E 11 St & Broadway,40.73261787,-73.99158043,"(40.732617869999999, -73.991580429999999)"
214,358,Christopher St & Greenwich St,40.73291553,-74.00711384,"(40.73291553, -74.007113840000002)"
1038,359,E 47 St & Park Ave,40.75510267,-73.97498696,"(40.755102669999999, -73.974986959999995)"
1323,360,William St & Pine St,40.70717936,-74.00887308,"(40.707179359999998, -74.008873080000001)"
72,361,Allen St & Hester St,40.71605866,-73.99190759,"(40.716058660000002, -73.991907589999997)"
1216,362,Broadway & W 37 St,40.75172632,-73.98753523,"(40.751726320000003, -73.987535230000006)"
901,363,West Thames St,40.70834698,-74.01713445,"(40.708346980000002, -74.01713445)"
3712,364,Lafayette Ave & Classon Ave,40.68900443,-73.96023854,"(40.689004429999997, -73.960238540000006)"
68,365,Fulton St & Grand Ave,40.68223166,-73.9614583,"(40.682231659999999, -73.961458300000004)"
1270,366,Clinton Ave & Myrtle Ave,40.693261,-73.968896,"(40.693261, -73.968896000000001)"
1633,367,E 53 St & Lexington Ave,40.75828065,-73.97069431,"(40.758280650000003, -73.970694309999999)"
38,368,Carmine St & 6 Ave,40.73038599,-74.00214988,"(40.730385990000002, -74.002149880000005)"
440,369,Washington Pl & 6 Ave,40.73224119,-74.00026394,"(40.732241190000003, -74.000263939999996)"
1370,372,Franklin Ave & Myrtle Ave,40.694528000000005,-73.958089,"(40.694528000000005, -73.958089000000001)"
1493,373,Willoughby Ave & Walworth St,40.69331716,-73.95381995,"(40.693317159999999, -73.953819949999996)"
436,376,John St & William St,40.70862144,-74.00722156,"(40.708621440000002, -74.007221560000005)"
331,377,6 Ave & Canal St,40.72243797,-74.00566443,"(40.722437970000001, -74.005664429999996)"
92,379,W 31 St & 7 Ave,40.749156,-73.9916,"(40.749155999999999, -73.991600000000005)"
19,380,W 4 St & 7 Ave S,40.73401143,-74.00293877,"(40.734011430000002, -74.00293877)"
490,382,University Pl & E 14 St,40.73492695,-73.99200509,"(40.734926950000002, -73.992005090000006)"
102,383,Greenwich Ave & Charles St,40.735238,-74.000271,"(40.735238000000003, -74.000270999999998)"
257,384,Fulton St & Washington Ave,40.683048,-73.964915,"(40.683047999999999, -73.964915000000005)"
251,385,E 55 St & 2 Ave,40.75797322,-73.96603308,"(40.757973219999997, -73.966033080000003)"
614,386,Centre St & Worth St,40.71494807,-74.00234482,"(40.714948069999998, -74.002344820000005)"
405,387,Centre St & Chambers St,40.71273266,-74.0046073,"(40.71273266, -74.004607300000004)"
721,388,W 26 St & 10 Ave,40.749717753,-74.002950346,"(40.749717752999999, -74.002950346000006)"
361,389,Broadway & Berry St,40.71044554,-73.96525063,"(40.710445540000002, -73.96525063)"
400,390,Duffield St & Willoughby St,40.69221589,-73.9842844,"(40.69221589, -73.984284400000007)"
1319,391,Clark St & Henry St,40.69760127,-73.99344559,"(40.69760127, -73.993445589999993)"
772249,392,Jay St & Tech Pl,40.695065,-73.987167,"(40.695065, -73.987166999999999)"
494,393,E 5 St & Avenue C,40.72299208,-73.97995466,"(40.722992079999997, -73.979954660000004)"
865,394,E 9 St & Avenue C,40.72521311,-73.97768752,"(40.725213109999999, -73.977687520000003)"
170,395,Bond St & Schermerhorn St,40.68807003,-73.98410637,"(40.688070029999999, -73.984106370000006)"
153,396,Lefferts Pl & Franklin Ave,40.680342423,-73.9557689392,"(40.680342422999999, -73.955768939199999)"
115,397,Fulton St & Clermont Ave,40.68415748,-73.96922273,"(40.684157480000003, -73.969222729999998)"
75,398,Atlantic Ave & Furman St,40.69165183,-73.99997859999999,"(40.691651829999998, -73.999978599999992)"
479,399,Lafayette Ave & St James Pl,40.68851534,-73.9647628,"(40.688515340000002, -73.964762800000003)"
616,400,Pitt St & Stanton St,40.71926081,-73.98178024,"(40.719260810000002, -73.981780240000006)"
36,401,Allen St & Rivington St,40.72019576,-73.98997825,"(40.720195760000003, -73.989978249999993)"
274,402,Broadway & E 22 St,40.740343200000005,-73.98955109,"(40.740343200000005, -73.989551090000006)"
58838,405,Washington St & Gansevoort St,40.739323,-74.008119,"(40.739322999999999, -74.008118999999994)"
1990,406,Hicks St & Montague St,40.69512845,-73.99595065,"(40.695128449999999, -73.995950649999997)"
9068,407,Henry St & Poplar St,40.700469,-73.991454,"(40.700468999999998, -73.991454000000004)"
4477,408,Market St & Cherry St,40.71076228,-73.99400398,"(40.710762279999997, -73.994003980000002)"
2050,409,DeKalb Ave & Skillman St,40.6906495,-73.95643107,"(40.690649499999999, -73.956431069999994)"
335,410,Suffolk St & Stanton St,40.72066442,-73.98517977,"(40.720664419999999, -73.985179770000002)"
774,411,E 6 St & Avenue D,40.72228087,-73.97668709,"(40.722280869999999, -73.976687089999999)"
418,412,Forsyth St & Canal St,40.715815500000005,-73.99422366,"(40.715815500000005, -73.994223660000003)"
302,414,Pearl St & Anchorage Pl,40.70281858,-73.98765762,"(40.702818579999999, -73.987657619999993)"
641,415,Pearl St & Hanover Square,40.7047177,-74.00926027,"(40.704717700000003, -74.009260269999999)"
1471,416,Cumberland St & Lafayette Ave,40.68753406,-73.97265183,"(40.687534059999997, -73.972651830000004)"
82,417,Barclay St & Church St,40.71291224,-74.01020234,"(40.712912240000001, -74.010202340000006)"
4242,418,Front St & Gold St,40.70224,-73.982578,"(40.702240000000003, -73.982578000000004)"
1380,419,Carlton Ave & Park Ave,40.69580705,-73.97355569,"(40.695807049999999, -73.973555689999998)"
2594,420,Clermont Ave & Lafayette Ave,40.68764484,-73.96968902,"(40.687644839999997, -73.969689020000004)"
874,421,Clermont Ave & Park Ave,40.69573398,-73.97129668,"(40.69573398, -73.971296679999995)"
240,422,W 59 St & 10 Ave,40.770513,-73.988038,"(40.770513000000001, -73.988038000000003)"
529,423,W 54 St & 9 Ave,40.76584941,-73.98690506,"(40.765849410000001, -73.986905059999998)"
858,426,West St & Chambers St,40.71754834,-74.01322069,"(40.71754834, -74.013220689999997)"
965,427,Bus Slip & State St,40.701907,-74.013942,"(40.701906999999999, -74.013942)"
284,428,E 3 St & 1 Ave,40.72467721,-73.98783413,"(40.724677210000003, -73.987834129999996)"
571,430,York St & Jay St,40.7014851,-73.98656928,"(40.701485099999999, -73.986569279999998)"
96,432,E 7 St & Avenue A,40.72621788,-73.98379855,"(40.72621788, -73.983798550000003)"
182,433,E 13 St & Avenue A,40.72955361,-73.98057249,"(40.729553610000004, -73.98057249)"
231,434,9 Ave & W 18 St,40.74317449,-74.00366443,"(40.743174490000001, -74.003664430000001)"
95,435,W 21 St & 6 Ave,40.74173969,-73.99415556,"(40.741739690000003, -73.994155559999996)"
879,436,Hancock St & Bedford Ave,40.68216564,-73.95399026,"(40.682165640000001, -73.953990259999998)"
2083,437,Macon St & Nostrand Ave,40.6809833854,-73.9500479759,"(40.680983385399998, -73.950047975900006)"
243,438,St Marks Pl & 1 Ave,40.72779126,-73.98564945,"(40.727791259999996, -73.985649449999997)"
370,440,E 45 St & 3 Ave,40.75255434,-73.97282625,"(40.752554340000003, -73.972826249999997)"
135,441,E 52 St & 2 Ave,40.756014,-73.967416,"(40.756014, -73.967416)"
171,442,W 27 St & 7 Ave,40.746646999999996,-73.993915,"(40.746646999999996, -73.993915000000001)"
642,443,Bedford Ave & S 9 St,40.70853074,-73.96408963,"(40.70853074, -73.964089630000004)"
320,444,Broadway & W 24 St,40.742354299999995,-73.98915076,"(40.742354299999995, -73.989150760000001)"
559,445,E 10 St & Avenue A,40.72740794,-73.98142006,"(40.727407939999999, -73.981420060000005)"
250,446,W 24 St & 7 Ave,40.74487634,-73.99529885,"(40.744876339999998, -73.995298849999998)"
148,447,8 Ave & W 52 St,40.76370739,-73.9851615,"(40.76370739, -73.985161500000004)"
122,448,W 37 St & 10 Ave,40.75660359,-73.9979009,"(40.756603589999997, -73.997900900000005)"
667,449,W 52 St & 9 Ave,40.76461837,-73.98789473,"(40.764618370000001, -73.987894729999994)"
244,450,W 49 St & 8 Ave,40.76227205,-73.98788205,"(40.76227205, -73.987882049999996)"
268,453,W 22 St & 8 Ave,40.74475148,-73.99915362,"(40.744751479999998, -73.999153620000001)"
44,454,E 51 St & 1 Ave,40.75455731,-73.96592976,"(40.754557310000003, -73.965929759999995)"
2389,455,1 Ave & E 44 St,40.75001986,-73.96905301,"(40.750019860000002, -73.969053009999996)"
1120,456,E 53 St & Madison Ave,40.75971079999999,-73.97402311,"(40.759710799999993, -73.974023110000005)"
145,457,Broadway & W 58 St,40.76695317,-73.98169333,"(40.766953170000001, -73.981693329999999)"
271,458,11 Ave & W 27 St,40.751396,-74.00522600000001,"(40.751396, -74.005226000000008)"
1453,459,W 20 St & 11 Ave,40.746745000000004,-74.007756,"(40.746745000000004, -74.007756000000001)"
134,460,S 4 St & Wythe Ave,40.71285887,-73.96590294,"(40.712858869999998, -73.965902940000007)"
167,461,E 20 St & 2 Ave,40.73587678,-73.98205027,"(40.735876779999998, -73.982050270000002)"
52,462,W 22 St & 10 Ave,40.74691959,-74.00451887,"(40.746919589999997, -74.004518869999998)"
1015,465,Broadway & W 41 St,40.75513557,-73.98658032,"(40.75513557, -73.986580320000002)"
88,466,W 25 St & 6 Ave,40.74395411,-73.99144871,"(40.743954109999997, -73.99144871)"
2211,467,Dean St & 4 Ave,40.68312489,-73.97895137,"(40.683124890000002, -73.978951370000004)"
63,468,Broadway & W 55 St,40.7652654,-73.98192338,"(40.765265399999997, -73.981923379999998)"
1894,469,Broadway & W 53 St,40.76344058,-73.98268129,"(40.763440580000001, -73.982681290000002)"
125,470,W 20 St & 8 Ave,40.74345335,-74.00004031,"(40.743453350000003, -74.000040310000003)"
326,471,Grand St & Havemeyer St,40.71286844,-73.95698119,"(40.712868440000001, -73.956981189999993)"
275,472,E 32 St & Park Ave,40.745712100000006,-73.98194829,"(40.745712100000006, -73.981948290000005)"
387,473,Rivington St & Chrystie St,40.72110063,-73.99192540000001,"(40.721100630000002, -73.991925400000014)"
30,474,5 Ave & E 29 St,40.7451677,-73.98683077,"(40.745167700000003, -73.986830769999997)"
97,475,E 16 St & Irving Pl,40.73524276,-73.98758561,"(40.735242759999998, -73.987585609999996)"
15,476,E 31 St & 3 Ave,40.74394314,-73.97966069,"(40.743943139999999, -73.979660690000003)"
100,477,W 41 St & 8 Ave,40.75640548,-73.9900262,"(40.756405479999998, -73.990026200000003)"
37,478,11 Ave & W 41 St,40.76030096,-73.99884222,"(40.760300960000002, -73.99884222)"
2,479,9 Ave & W 45 St,40.76019252,-73.9912551,"(40.760192519999997, -73.991255100000004)"
631,480,W 53 St & 10 Ave,40.76669671,-73.99061728,"(40.766696709999998, -73.990617279999995)"
91,481,S 3 St & Bedford Ave,40.71260486,-73.96264403,"(40.712604859999999, -73.962644030000007)"
99,482,W 15 St & 7 Ave,40.73935542,-73.99931783,"(40.739355420000003, -73.999317829999995)"
48,483,E 12 St & 3 Ave,40.73223272,-73.98889957,"(40.732232719999999, -73.988899570000001)"
1441,484,W 44 St & 5 Ave,40.75500254,-73.98014437,"(40.75500254, -73.980144370000005)"
1400,485,W 37 St & 5 Ave,40.75038009,-73.98338988,"(40.75038009, -73.983389880000004)"
34,486,Broadway & W 29 St,40.7462009,-73.98855723,"(40.746200899999998, -73.988557229999998)"
192,487,E 20 St & FDR Drive,40.73314259,-73.97573881,"(40.73314259, -73.975738809999996)"
432,488,W 39 St & 9 Ave,40.75645824,-73.99372222,"(40.756458240000001, -73.993722219999995)"
89,490,8 Ave & W 33 St,40.751551,-73.993934,"(40.751550999999999, -73.993933999999996)"
5,491,E 24 St & Park Ave S,40.74096374,-73.98602213,"(40.740963739999998, -73.986022129999995)"
563,492,W 33 St & 7 Ave,40.75019995,-73.99093085,"(40.750199950000003, -73.990930849999998)"
639,493,W 45 St & 6 Ave,40.7568001,-73.98291153,"(40.7568001, -73.982911529999996)"
4,494,W 26 St & 8 Ave,40.74734825,-73.99723551,"(40.747348250000002, -73.997235509999996)"
699,495,W 47 St & 10 Ave,40.76269882,-73.99301222,"(40.762698819999997, -73.993012219999997)"
226,496,E 16 St & 5 Ave,40.73726186,-73.99238967,"(40.737261859999997, -73.992389669999994)"
781,497,E 17 St & Broadway,40.73704984,-73.99009296,"(40.737049839999997, -73.990092959999998)"
712,498,Broadway & W 32 St,40.74854862,-73.98808416,"(40.748548620000001, -73.98808416)"
61,499,Broadway & W 60 St,40.76915505,-73.98191841,"(40.769155050000002, -73.981918410000006)"
229,500,Broadway & W 51 St,40.76228826,-73.98336183,"(40.762288259999998, -73.983361830000007)"
934,501,FDR Drive & E 35 St,40.744219,-73.97121214,"(40.744219000000001, -73.971212140000006)"
552,502,Henry St & Grand St,40.714215,-73.981346,"(40.714215000000003, -73.981346000000002)"
141,503,E 20 St & Park Ave,40.73827428,-73.98751968,"(40.738274279999999, -73.987519680000005)"
59,504,1 Ave & E 16 St,40.73221853,-73.98165557,"(40.732218529999997, -73.981655570000001)"
232,505,6 Ave & W 33 St,40.74901271,-73.98848395,"(40.749012710000002, -73.988483950000003)"
971,507,E 25 St & 2 Ave,40.73912601,-73.97973776,"(40.73912601, -73.979737760000006)"
554,508,W 46 St & 11 Ave,40.76341379,-73.99667444,"(40.763413790000001, -73.996674440000007)"
201,509,9 Ave & W 22 St,40.7454973,-74.00197139,"(40.745497299999997, -74.001971389999994)"
909,511,E 14 St & Avenue B,40.72938685,-73.97772429,"(40.729386849999997, -73.977724289999998)"
236,513,W 56 St & 10 Ave,40.768254,-73.988639,"(40.768253999999999, -73.988639000000006)"
239,514,12 Ave & W 40 St,40.76087502,-74.00277668,"(40.76087502, -74.002776679999997)"
561,515,W 43 St & 10 Ave,40.76009437,-73.99461843,"(40.760094369999997, -73.994618430000003)"
487,516,E 47 St & 1 Ave,40.75206862,-73.96784384,"(40.752068620000003, -73.96784384)"
1130,517,Pershing Square South,40.751581,-73.97791,"(40.751581000000002, -73.977909999999994)"
60,518,E 39 St & 2 Ave,40.74780373,-73.97344190000001,"(40.747803730000001, -73.973441900000012)"
7,519,Pershing Square North,40.751872999999996,-73.97770600000001,"(40.751872999999996, -73.977706000000012)"
385,520,W 52 St & 5 Ave,40.75992262,-73.97648516,"(40.759922619999998, -73.976485159999996)"
2171,522,E 51 St & Lexington Ave,40.75714758,-73.97207836,"(40.757147580000002, -73.972078359999998)"
32,523,W 38 St & 8 Ave,40.75466591,-73.99138152,"(40.75466591, -73.991381520000004)"
2136,524,W 43 St & 6 Ave,40.75527307,-73.98316936,"(40.755273070000001, -73.983169360000005)"
256,525,W 34 St & 11 Ave,40.75594159,-74.0021163,"(40.755941589999999, -74.002116299999997)"
954,526,E 33 St & 5 Ave,40.74765947,-73.98490707,"(40.747659470000002, -73.984907070000006)"
47,527,E 33 St & 2 Ave,40.744023,-73.976056,"(40.744022999999999, -73.976056)"
265,528,2 Ave & E 31 St,40.74290902,-73.97706058,"(40.742909019999999, -73.97706058)"
223,529,W 42 St & 8 Ave,40.75756989999999,-73.99098507,"(40.757569899999993, -73.990985069999994)"
515,530,11 Ave & W 59 St,40.771522,-73.99054100000001,"(40.771521999999997, -73.990541000000007)"
6,531,Forsyth St & Broome St,40.71893904,-73.99266288,"(40.718939040000002, -73.992662879999997)"
681,532,S 5 Pl & S 4 St,40.710451,-73.960876,"(40.710450999999999, -73.960875999999999)"
512,533,Broadway & W 39 St,40.75299641,-73.98721619,"(40.752996410000002, -73.987216189999998)"
403,534,Water - Whitehall Plaza,40.70255065,-74.0127234,"(40.702550649999999, -74.012723399999999)"
42,536,1 Ave & E 30 St,40.74144387,-73.97536082,"(40.741443869999998, -73.975360820000006)"
26,537,Lexington Ave & E 24 St,40.74025878,-73.98409214,"(40.740258779999998, -73.984092140000001)"
645,539,Metropolitan Ave & Bedford Ave,40.71534825,-73.96024116,"(40.715348249999998, -73.960241159999995)"
246,540,Lexington Ave & E 29 St,40.74311555376486,-73.98215353488922,"(40.743115553764859, -73.982153534889221)"
90,545,E 23 St & 1 Ave,40.736502,-73.97809472,"(40.736502000000002, -73.978094720000001)"
430,546,E 30 St & Park Ave S,40.74444921,-73.98303529,"(40.744449209999999, -73.983035290000004)"
1160,2000,Front St & Washington St,40.70255088,-73.98940236,"(40.702550879999997, -73.98940236)"
8881,2001,Sands St & Navy St,40.699773,-73.979927,"(40.699773, -73.979927000000004)"
116,2002,Wythe Ave & Metropolitan Ave,40.716887,-73.96319799999999,"(40.716887, -73.963197999999991)"
310,2003,1 Ave & E 18 St,40.73381219196632,-73.9805442094803,"(40.733812191966322, -73.9805442094803)"
362,2004,6 Ave & Broome St,40.724399,-74.004704,"(40.724398999999998, -74.004704000000004)"
8857,2005,Railroad Ave & Kay Ave,40.70531194,-73.97100056,"(40.705311940000001, -73.971000559999993)"
142,2006,Central Park S & 6 Ave,40.76590936,-73.97634151,"(40.765909360000002, -73.976341509999997)"
163,2008,Little West St & 1 Pl,40.70569254,-74.01677685,"(40.705692540000001, -74.016776849999999)"
2103,2009,Catherine St & Monroe St,40.71117444,-73.99682619,"(40.711174440000001, -73.996826189999993)"
49,2010,Grand St & Greene St,40.72165481,-74.00234737,"(40.721654809999997, -74.002347369999995)"
177,2012,E 27 St & 1 Ave,40.739445,-73.97680600000001,"(40.739445000000003, -73.97680600000001)"
3333,2017,E 43 St & 2 Ave,40.75022392,-73.97121414,"(40.750223920000003, -73.971214140000001)"
31,2021,W 45 St & 8 Ave,40.75929124,-73.98859651,"(40.759291240000003, -73.988596509999994)"
3092,2022,E 60 St & York Ave,40.759107,-73.959223,"(40.759107, -73.959222999999994)"
4611,2023,E 55 St & Lexington Ave,40.75968085,-73.97031366,"(40.759680850000002, -73.970313660000002)"
180,3002,South End Ave & Liberty St,40.711512,-74.01575600000001,"(40.711511999999999, -74.01575600000001)"
334,3016,Kent Ave & N 7 St,40.72036775298455,-73.96165072917937,"(40.720367752984551, -73.961650729179368)"
575096,3036,8D OPS 01,40.684868747593924,-74.02544975280763,"(40.684868747593924, -74.025449752807631)"
135780,3040,SSP Tech Workshop,40.646678,-74.016263,"(40.646678000000001, -74.016262999999995)"
7135,3041,Kingston Ave & Herkimer St,40.67890679,-73.94142771,"(40.678906789999999, -73.941427709999999)"
179,3042,Fulton St & Utica Ave,40.6794268,-73.92989109999999,"(40.679426800000002, -73.929891099999992)"
5668,3043,Lewis Ave & Decatur St,40.6814598,-73.934903,"(40.681459799999999, -73.934903000000006)"
6652,3044,Albany Ave & Fulton St,40.6800105,-73.938475,"(40.680010500000002, -73.938474999999997)"
1646,3046,Marcus Garvey Blvd & Macon St,40.682601,-73.938037,"(40.682600999999998, -73.938036999999994)"
6678,3047,Halsey St & Tompkins Ave,40.682368700000005,-73.944118,"(40.682368700000005, -73.944118000000003)"
2844,3048,Putnam Ave & Nostrand Ave,40.684020000000004,-73.94977,"(40.684020000000004, -73.949770000000001)"
392,3049,Cambridge Pl & Gates Ave,40.68488,-73.96304,"(40.68488, -73.963040000000007)"
3581,3050,Putnam Ave & Throop Ave,40.6851532,-73.94111,"(40.685153200000002, -73.941109999999995)"
1667,3052,Lewis Ave & Madison St,40.686312,-73.935775,"(40.686312000000001, -73.935775000000007)"
834,3053,Marcy Ave & Lafayette Ave,40.6900815,-73.94791500000001,"(40.690081499999998, -73.947915000000009)"
2658,3054,Greene Ave & Throop Ave,40.6894932,-73.942061,"(40.689493200000001, -73.942060999999995)"
413,3055,Greene Ave & Nostrand Ave,40.68833370000001,-73.950916,"(40.688333700000008, -73.950916000000007)"
7326,3056,Kosciuszko St & Nostrand Ave,40.69072549,-73.95133465,"(40.690725489999998, -73.951334650000007)"
850,3057,Kosciuszko St & Tompkins Ave,40.69128258,-73.9452416,"(40.691282579999999, -73.945241600000003)"
1737,3058,Lewis Ave & Kosciuszko St,40.69237074,-73.93705428,"(40.692370740000001, -73.937054279999998)"
6167,3059,Pulaski St & Marcus Garvey Blvd,40.693398200000004,-73.939877,"(40.693398200000004, -73.939876999999996)"
73,3060,Willoughby Ave & Tompkins Ave,40.69425403,-73.94626915,"(40.694254030000003, -73.946269150000006)"
3430,3061,Throop Ave & Myrtle Ave,40.69622937,-73.94371094,"(40.696229369999998, -73.943710940000003)"
538,3062,Myrtle Ave & Marcy Ave,40.69539817,-73.94954908,"(40.695398169999997, -73.949549079999997)"
1807,3063,Nostrand Ave & Myrtle Ave,40.69527008,-73.95238108,"(40.69527008, -73.952381079999995)"
178,3064,Myrtle Ave & Lewis Ave,40.69681963,-73.93756926,"(40.69681963, -73.937569260000004)"
1428,3065,Union Ave & Wallabout St,40.70029511,-73.95032283,"(40.700295109999999, -73.950322830000005)"
9974,3066,Tompkins Ave & Hopkins St,40.69957608,-73.94708417,"(40.69957608, -73.947084169999997)"
650,3067,Broadway & Whipple St,40.7016657,-73.9437303,"(40.7016657, -73.943730299999999)"
165,3068,Humboldt St & Varet St,40.7031724,-73.940636,"(40.7031724, -73.940635999999998)"
7297,3069,Lorimer St & Broadway,40.70411791,-73.94818595,"(40.704117910000001, -73.948185949999996)"
4054,3070,McKibbin St & Manhattan Ave,40.70510918,-73.94407279,"(40.705109180000001, -73.944072790000007)"
6232,3071,Boerum St & Broadway,40.70538077,-73.94976519,"(40.705380769999998, -73.949765189999994)"
1326,3072,Leonard St & Boerum St,40.70583339,-73.94644578,"(40.705833390000002, -73.946445780000005)"
374,3073,Division Ave & Hooper St,40.70691254,-73.95441667,"(40.706912539999998, -73.954416670000001)"
248,3074,Montrose Ave & Bushwick Ave,40.70767788,-73.94016171,"(40.707677879999999, -73.940161709999998)"
13932,3075,Division Ave & Marcy Ave,40.70708701,-73.95796783,"(40.707087010000002, -73.957967830000001)"
1595,3076,Scholes St & Manhattan Ave,40.70870368,-73.9448625,"(40.708703679999999, -73.944862499999999)"
5071,3077,Stagg St & Union Ave,40.70877084,-73.95095259,"(40.70877084, -73.95095259)"
769,3078,Broadway & Roebling St,40.70925562,-73.95982218,"(40.70925562, -73.959822180000003)"
3211,3079,Leonard St & Grand St,40.71103537,-73.94714303,"(40.711035369999998, -73.947143030000007)"
3961,3080,S 4 St & Rodney St,40.709340000000005,-73.95608,"(40.709340000000005, -73.95608)"
384,3081,Graham Ave & Grand St,40.711863,-73.944024,"(40.711863000000001, -73.944023999999999)"
345,3082,Hope St & Union Ave,40.71167351,-73.95141312,"(40.711673509999997, -73.951413119999998)"
982,3083,Bushwick Ave & Powers St,40.71247661,-73.94100005,"(40.712476610000003, -73.94100005)"
497,3084,Devoe St & Leonard St,40.71348658,-73.94792458,"(40.713486580000001, -73.947924580000006)"
425,3085,Roebling St & N 4 St,40.714690000000004,-73.95739,"(40.714690000000004, -73.957390000000004)"
367,3086,Graham Ave & Conselyea St,40.715143,-73.944507,"(40.715142999999998, -73.944507000000002)"
121,3087,Metropolitan Ave & Meeker Ave,40.71413311,-73.95234386,"(40.714133109999999, -73.952343859999999)"
465,3088,Union Ave & Jackson St,40.7160751,-73.95202900000001,"(40.716075099999998, -73.95202900000001)"
25859,3089,Leonard St & Meeker Ave,40.717318403855785,-73.9482021331787,"(40.717318403855785, -73.948202133178697)"
1219,3090,N 8 St & Driggs Ave,40.71774592,-73.95600096,"(40.717745919999999, -73.956000959999997)"
16,3091,Frost St & Meeker St,40.71764,-73.94882,"(40.717640000000003, -73.948819999999998)"
553,3092,Berry St & N 8 St,40.7190095,-73.95852515,"(40.719009499999999, -73.95852515)"
114,3093,N 6 St & Bedford Ave,40.71745169,-73.95850939,"(40.717451689999997, -73.958509390000003)"
5440,3094,Graham Ave & Withers St,40.7169811,-73.94485918,"(40.716981099999998, -73.944859179999995)"
101,3095,Graham Ave & Herbert St,40.71929301,-73.94500379,"(40.719293010000001, -73.945003790000001)"
504,3096,Union Ave & N 12 St,40.71924,-73.95241999999999,"(40.719239999999999, -73.952419999999989)"
2258,3098,Leonard St & Bayard St,40.71928,-73.94861,"(40.719279999999998, -73.948610000000002)"
22,3099,Leonard St & Manhattan Ave,40.72152240339303,-73.94898265600203,"(40.721522403393031, -73.94898265600203)"
816,3100,Nassau Ave & Newell St,40.724812564400175,-73.94752621650694,"(40.724812564400175, -73.947526216506944)"
7750,3101,N 12 St & Bedford Ave,40.72079821,-73.95484712,"(40.720798209999998, -73.954847119999997)"
391,3102,Driggs Ave & Lorimer St,40.72179134,-73.95041540000001,"(40.721791340000003, -73.950415400000011)"
357,3103,N 11 St & Wythe Ave,40.72153267,-73.95782357,"(40.721532670000002, -73.957823570000002)"
280,3105,N 15 St & Wythe Ave,40.724055,-73.955736,"(40.724055, -73.955736000000002)"
1014,3106,Driggs Ave & N Henry St,40.72325,-73.94308000000001,"(40.72325, -73.943080000000009)"
220,3107,Bedford Ave & Nassau Ave,40.72311651,-73.95212324,"(40.723116509999997, -73.952123240000006)"
428,3108,Nassau Ave & Russell St,40.725570000000005,-73.94434,"(40.725570000000005, -73.944339999999997)"
1349,3109,Banker St & Meserole Ave,40.72606,-73.95621,"(40.726059999999997, -73.956209999999999)"
278,3110,Meserole Ave & Manhattan Ave,40.72708584,-73.95299117,"(40.727085840000001, -73.952991170000004)"
23,3111,Norman Ave & Leonard St,40.725848299999996,-73.95064893,"(40.725848299999996, -73.95064893)"
144,3112,Milton St & Franklin St,40.72906,-73.95779,"(40.729059999999997, -73.957790000000003)"
43,3113,Greenpoint Ave & Manhattan Ave,40.730259999999994,-73.95394,"(40.730259999999994, -73.953940000000003)"
2617,3114,India St & East River,40.73165141,-73.96161892,"(40.731651409999998, -73.961618920000006)"
1178,3115,India St & Manhattan Ave,40.73232194,-73.9550858,"(40.732321939999999, -73.955085800000006)"
297,3116,Huron St & Franklin St,40.732659999999996,-73.95826,"(40.732659999999996, -73.958259999999996)"
2706,3117,Franklin St & Dupont St,40.735640000000004,-73.95866,"(40.735640000000004, -73.958659999999995)"
772,3118,McGuinness Blvd & Eagle St,40.73555,-73.95284000000001,"(40.735550000000003, -73.952840000000009)"
254,3119,Vernon Blvd & 50 Ave,40.74232744,-73.95411749,"(40.742327439999997, -73.954117490000002)"
1551,3120,Center Blvd & Borden Ave,40.741609999999994,-73.96044,"(40.741609999999994, -73.960440000000006)"
1503,3121,Jackson Ave & 46 Rd,40.74524768,-73.94733276,"(40.745247679999999, -73.947332759999995)"
1399,3122,48 Ave & 5 St,40.74436328706688,-73.95587325096129,"(40.744363287066882, -73.95587325096129)"
15085,3123,31 St & Thomson Ave,40.74469738,-73.93540375,"(40.744697379999998, -73.935403750000006)"
1539,3124,46 Ave & 5 St,40.74731,-73.95451,"(40.747309999999999, -73.954509999999999)"
191,3125,45 Rd & 11 St,40.74708586,-73.94977234,"(40.747085859999999, -73.949772339999996)"
377,3126,44 Dr & Jackson Ave,40.74718234,-73.9432635,"(40.747182340000002, -73.9432635)"
7025,3127,9 St & 44 Rd,40.74966,-73.9521,"(40.749659999999999, -73.952100000000002)"
7250,3128,21 St & 43 Ave,40.75052534,-73.94594845,"(40.750525340000003, -73.945948450000003)"
411,3129,Queens Plaza North & Crescent St,40.75110165,-73.94073717,"(40.751101650000003, -73.940737170000006)"
1335,3131,E 68 St & 3 Ave,40.76712840349542,-73.96224617958069,"(40.76712840349542, -73.962246179580688)"
2327,3132,E 59 St & Madison Ave,40.76350532,-73.97109243,"(40.76350532, -73.971092429999999)"
921,3134,3 Ave & E 62 St,40.76312584,-73.96526895,"(40.763125840000001, -73.965268949999995)"
154,3135,E 75 St & 3 Ave,40.77112927,-73.95772297,"(40.771129270000003, -73.957722970000006)"
324,3137,5 Ave & E 73 St,40.77282817,-73.96685276,"(40.772828169999997, -73.966852759999995)"
573415,3138,E 77 St & Park Ave,40.774405455003,-73.96175265312193,"(40.774405455002999, -73.961752653121934)"
1021088,3139,E 72 St & Park Ave,40.77118287540658,-73.96409422159195,"(40.771182875406581, -73.964094221591949)"
341,3140,1 Ave & E 78 St,40.77140426,-73.9535166,"(40.771404259999997, -73.9535166)"
33,3141,1 Ave & E 68 St,40.76500525,-73.95818491,"(40.765005250000002, -73.95818491)"
233,3142,1 Ave & E 62 St,40.761227399999996,-73.96094022,"(40.761227399999996, -73.960940219999998)"
205,3143,5 Ave & E 78 St,40.77682863439968,-73.96388769149779,"(40.776828634399678, -73.963887691497789)"
838,3144,E 81 St & Park Ave,40.77677702,-73.95900970000001,"(40.776777019999997, -73.95900970000001)"
29,3145,E 84 St & Park Ave,40.77862688,-73.95772073,"(40.778626879999997, -73.957720730000005)"
528,3146,E 81 St & 3 Ave,40.77573034,-73.9567526,"(40.775730340000003, -73.956752600000002)"
736,3147,E 85 St & 3 Ave,40.77801203,-73.95407149,"(40.778012029999999, -73.954071490000004)"
66,3148,E 84 St & 1 Ave,40.77565541,-73.95068615,"(40.775655409999999, -73.950686149999996)"
304,3150,E 85 St & York Ave,40.77536905,-73.94803392,"(40.775369050000002, -73.94803392)"
768,3151,E 81 St & York Ave,40.7728384,-73.94989233,"(40.772838399999998, -73.949892329999997)"
4984,3152,3 Ave & E 71 St,40.76873687,-73.96119945,"(40.768736869999998, -73.961199449999995)"
3675,3153,E 71 St & 2 Ave,40.76817546742245,-73.95910263061523,"(40.768175467422452, -73.959102630615234)"
2194,3155,Lexington Ave & E 63 St,40.76440023,-73.96648977,"(40.76440023, -73.966489769999995)"
1073,3156,E 72 St & York Ave,40.76663814,-73.95348296,"(40.766638139999998, -73.953482960000002)"
883,3157,East End Ave & E 86 St,40.77518615,-73.94446054,"(40.775186150000003, -73.944460539999994)"
1853,3158,W 63 St & Broadway,40.77163851,-73.98261428,"(40.771638510000002, -73.982614280000007)"
1417,3159,W 67 St & Broadway,40.77492513,-73.98266566,"(40.77492513, -73.982665659999995)"
1492,3160,Central Park West & W 76 St,40.77896784,-73.97374737,"(40.77896784, -73.973747369999998)"
276,3161,W 76 St & Columbus Ave,40.7801839724239,-73.97728532552719,"(40.780183972423899, -73.977285325527191)"
996,3162,W 78 St & Broadway,40.78339981,-73.98093133,"(40.783399809999999, -73.980931330000004)"
2101,3163,Central Park West & W 68 St,40.7734066,-73.97782542,"(40.773406600000001, -73.977825420000002)"
155,3164,Columbus Ave & W 72 St,40.7770575,-73.97898475,"(40.777057499999998, -73.978984749999995)"
472,3165,Central Park West & W 72 St,40.77579376683666,-73.97620573639871,"(40.775793766836657, -73.976205736398711)"
622,3166,Riverside Dr & W 72 St,40.780577990103346,-73.98562431335448,"(40.780577990103346, -73.985624313354478)"
862,3167,Amsterdam Ave & W 73 St,40.779668090073116,-73.98093044757842,"(40.779668090073116, -73.980930447578416)"
492,3168,Central Park West & W 85 St,40.78472675,-73.96961715,"(40.784726749999997, -73.969617150000005)"
809,3169,Riverside Dr & W 82 St,40.78720869,-73.98128127,"(40.78720869, -73.981281269999997)"
521,3170,W 84 St & Columbus Ave,40.78499979,-73.97283406,"(40.784999790000001, -73.972834059999997)"
289,3171,Amsterdam Ave & W 82 St,40.78524672,-73.97667321,"(40.785246720000004, -73.976673210000001)"
118,3172,W 74 St & Columbus Ave,40.7785669,-73.97754961,"(40.778566900000001, -73.977549609999997)"
1009,3173,Riverside Blvd & W 67 St,40.777507027547976,-73.98888587951659,"(40.777507027547976, -73.988885879516587)"
500,3175,W 70 St & Amsterdam Ave,40.77748046,-73.98288594,"(40.77748046, -73.982885940000003)"
245,3176,W 64 St & West End Ave,40.77452835,-73.98753759,"(40.774528349999997, -73.987537590000002)"
188,3177,W 84 St & Broadway,40.7867947,-73.977112,"(40.786794700000002, -73.977112000000005)"
2129,3178,Riverside Dr & W 78 St,40.78414472,-73.98362492,"(40.78414472, -73.983624919999997)"
6980,3179,Park Ave & Marcus Garvey Blvd,40.698617,-73.941342,"(40.698616999999999, -73.941342000000006)"
11026,3180,Brooklyn Bridge Park - Pier 2,40.69878,-73.99712,"(40.698779999999999, -73.997119999999995)"
11899,3182,Yankee Ferry Terminal,40.686931,-74.016966,"(40.686931000000001, -74.016965999999996)"
18420,3219,NYCBS Depot - STY,40.729193,-73.97665500000001,"(40.729193000000002, -73.976655000000008)"
7987,3221,47 Ave & 31 St,40.743,-73.93561,"(40.743000000000002, -73.935609999999997)"
811,3222,Hanson Pl & St Felix St,40.68515959989177,-73.97711366415024,"(40.685159599891769, -73.977113664150238)"
2283,3223,E 55 St & 3 Ave,40.758996559605116,-73.96865397691727,"(40.758996559605116, -73.968653976917267)"
124,3224,W 13 St & Hudson St,40.73997354103409,-74.00513872504234,"(40.73997354103409, -74.005138725042343)"
1951,3226,W 82 St & Central Park West,40.78275,-73.97137,"(40.78275, -73.971369999999993)"
1108,3230,Penn Station Valet,40.751283596962296,-73.99692445993422,"(40.751283596962296, -73.99692445993422)"
2213,3231,E 67 St & Park Ave,40.76780080148132,-73.96592080593109,"(40.767800801481322, -73.965920805931091)"
1136,3232,Bond St & Fulton St,40.68962188790333,-73.98304268717766,"(40.689621887903328, -73.983042687177658)"
157,3233,E 48 St & 5 Ave,40.75724567911726,-73.97805914282799,"(40.757245679117261, -73.978059142827988)"
2480,3235,E 41 St & Madison Ave,40.752165280621966,-73.97992193698882,"(40.752165280621966, -73.979921936988816)"
536,3236,W 42 St & Dyer Ave,40.75898481399634,-73.99379968643187,"(40.758984813996342, -73.993799686431871)"
2399,3237,21 St & 41 Ave,40.75383343437622,-73.94267678260802,"(40.753833434376219, -73.942676782608018)"
218,3238,E 80 St & 2 Ave,40.77391390238118,-73.9543953537941,"(40.773913902381182, -73.954395353794098)"
833,3241,Monroe St & Tompkins Ave,40.686203000000006,-73.944694,"(40.686203000000006, -73.944693999999998)"
80,3242,Schermerhorn St & Court St,40.69102925677968,-73.99183362722397,"(40.691029256779679, -73.991833627223969)"
354,3243,E 58 St & 1 Ave,40.75892386377695,-73.96226227283478,"(40.75892386377695, -73.962262272834778)"
784,3244,University Pl & E 8 St,40.73143724085228,-73.99490341544151,"(40.73143724085228, -73.994903415441513)"
403104,3245,Kiosk in a box Motivate,40.646677898897856,-74.01630342006682,"(40.646677898897856, -74.016303420066819)"
5715,3246,Montague St & Clinton St,40.694281141397326,-73.99230033159256,"(40.694281141397326, -73.99230033159256)"
406,3249,Verona Pl & Fulton St,40.680356084043396,-73.94767910242079,"(40.680356084043396, -73.947679102420793)"
274361,3250,NYCBS Depot - PIT,40.716909780459645,-73.98383796215056,"(40.716909780459645, -73.98383796215056)"
10802,3254,Soissons Landing,40.69231660719192,-74.01486575603484,"(40.69231660719192, -74.014865756034837)"
111,3255,8 Ave & W 31 St,40.7505853470215,-73.9946848154068,"(40.750585347021499, -73.994684815406799)"
1404,3256,Pier 40 - Hudson River Park,40.7277140777778,-74.01129573583603,"(40.727714077777797, -74.011295735836029)"
35,3258,W 27 St & 10 Ave,40.750181563256824,-74.00218427181244,"(40.750181563256824, -74.002184271812439)"
79,3259,9 Ave & W 28 St,40.74937024193277,-73.99923384189607,"(40.749370241932773, -73.999233841896071)"
348,3260,Mercer St & Bleecker St,40.72706363348306,-73.99662137031554,"(40.727063633483063, -73.996621370315538)"
17,3263,Cooper Square & E 7 St,40.72923649910006,-73.99086803197861,"(40.729236499100061, -73.990868031978607)"
7975,3264,E 61 St & Park Ave,40.76421007169064,-73.96910458803177,"(40.764210071690641, -73.969104588031769)"
301,3265,E 2 St & 2 Ave,40.7245634290432,-73.9894437789917,"(40.724563429043201, -73.989443778991699)"
4898,3266,Kiosk in a box Deployment,40.70861098096821,-73.92850399017334,"(40.70861098096821, -73.92850399017334)"
3625,3282,5 Ave & E 88 St,40.78307,-73.95939,"(40.783070000000002, -73.959389999999999)"
422955,3283,W 89 St & Columbus Ave,40.7882213,-73.97041561,"(40.788221299999996, -73.970415610000003)"
398,3284,E 88 St & Park Ave,40.781410700190015,-73.95595908164978,"(40.781410700190015, -73.95595908164978)"
2068,3285,W 87 St  & Amsterdam Ave,40.78839,-73.9747,"(40.78839, -73.974699999999999)"
1395,3286,E 89 St & 3 Ave,40.7806284,-73.9521667,"(40.780628399999998, -73.952166700000006)"
1047,3287,W 87 St & West End Ave,40.790261,-73.977131,"(40.790261000000001, -73.977131)"
1355,3288,E 88 St & 1 Ave,40.778301,-73.9488134,"(40.778300999999999, -73.948813400000006)"
1161,3289,W 90 St & Amsterdam Ave,40.79017948095081,-73.97288918495178,"(40.790179480950812, -73.972889184951782)"
555,3290,E 89 St & York Ave,40.7779453,-73.94604100000001,"(40.777945299999999, -73.946041000000008)"
194,3291,Riverside Dr & W 91 St,40.7933718,-73.97685115,"(40.793371800000003, -73.976851150000002)"
1798,3292,5 Ave & E 93 St,40.785785100000005,-73.957481,"(40.785785100000005, -73.957481000000001)"
16444,3293,W 92 St & Broadway,40.7921,-73.9739,"(40.792099999999998, -73.9739)"
2165,3294,E 91 St & Park Ave,40.7835016,-73.955327,"(40.783501600000001, -73.955326999999997)"
3420,3295,Central Park W & W 96 St,40.791270000000004,-73.964839,"(40.791270000000004, -73.964838999999998)"
5692,3297,6 St & 7 Ave,40.668662700000006,-73.97988067,"(40.668662700000006, -73.97988067)"
2465,3298,Warren St & Court St,40.686371,-73.99383324,"(40.686371000000001, -73.993833240000001)"
7540,3300,Prospect Park West & 8 St,40.66514681533792,-73.97637605667114,"(40.66514681533792, -73.976376056671143)"
1515,3301,Columbus Ave & W 95 St,40.7919557,-73.968087,"(40.791955700000003, -73.968086999999997)"
797,3302,Columbus Ave & W 103 St,40.7969347,-73.9643412291,"(40.796934700000001, -73.9643412291)"
5009,3303,Butler St & Court St,40.6849894,-73.99440329,"(40.684989399999999, -73.994403289999994)"
4973,3304,6 Ave & 9 St,40.668127,-73.98377641,"(40.668126999999998, -73.983776410000004)"
1238,3305,E 91 St & 2 Ave,40.781122299341654,-73.94965589046478,"(40.781122299341654, -73.949655890464783)"
577,3306,10 St & 7 Ave,40.666207799999995,-73.98199886,"(40.666207799999995, -73.981998860000004)"
3015,3307,West End Ave & W 94 St,40.7941654,-73.974124,"(40.794165399999997, -73.974124000000003)"
2049,3308,Kane St & Clinton St,40.686175799999994,-73.99645295,"(40.686175799999994, -73.996452950000005)"
9017,3309,E 97 St & 3 Ave,40.7859201,-73.94860294,"(40.785920099999998, -73.948602940000001)"
3169,3310,14 St & 7 Ave,40.663779,-73.98396846,"(40.663778999999998, -73.98396846)"
160,3311,Columbia St & Kane St,40.68763155,-74.0016256,"(40.687631549999999, -74.001625599999997)"
530,3312,1 Ave & E 94 St,40.78172120000001,-73.94594000000001,"(40.781721200000007, -73.945940000000007)"
695,3313,6 Ave & 12 St,40.666318100000005,-73.9854617,"(40.666318100000005, -73.985461700000002)"
262,3314,W 95 St & Broadway,40.7937704,-73.971888,"(40.7937704, -73.971888000000007)"
1018,3315,Henry St & Degraw St,40.684751399999996,-73.99917254,"(40.684751399999996, -73.999172540000004)"
2382,3316,W 104 St & Amsterdam Ave,40.798993700000004,-73.96621737779999,"(40.798993700000004, -73.966217377799993)"
708,3317,10 St & 5 Ave,40.6686273,-73.98700053,"(40.668627299999997, -73.987000530000003)"
35913,3319,14 St & 5 Ave,40.666287,-73.98895053,"(40.666286999999997, -73.988950529999997)"
3862,3320,Central Park West & W 100 St,40.793393,-73.96355559999999,"(40.793393000000002, -73.963555599999992)"
235,3321,Clinton St & Union St,40.683116399999996,-73.99785267,"(40.683116399999996, -73.99785267)"
796,3322,12 St & 4 Ave,40.668603000000004,-73.99043940000001,"(40.668603000000004, -73.990439400000014)"
856,3323,W 106 St & Central Park West,40.798185600000004,-73.96059090060001,"(40.798185600000004, -73.96059090060001)"
14243,3324,3 Ave & 14 St,40.6685455,-73.99333264,"(40.6685455, -73.993332640000006)"
2820,3325,E 95 St & 3 Ave,40.7849032,-73.950503,"(40.784903200000002, -73.950502999999998)"
15610,3326,Clinton St & Centre St,40.67434,-74.00194698,"(40.674340000000001, -74.00194698)"
6320,3327,3 Ave & E 100 St,40.787721399999995,-73.94728331,"(40.787721399999995, -73.947283310000003)"
649134,3328,W 100 St & Manhattan Ave,40.795,-73.9645,"(40.795000000000002, -73.964500000000001)"
126,3329,Degraw St & Smith St,40.6829151,-73.99318208,"(40.682915100000002, -73.993182079999997)"
5970,3330,Henry St & Bay St,40.672505799999996,-74.00494695,"(40.672505799999996, -74.004946950000004)"
3879,3331,Riverside Dr & W 104 St,40.8013434,-73.97114574390001,"(40.8013434, -73.97114574390001)"
1641681,3332,Degraw St & Hoyt St,40.68199044270703,-73.99079024791719,"(40.681990442707033, -73.99079024791719)"
34974,3333,Columbia St & Lorraine St,40.6747055,-74.00755720000001,"(40.674705500000002, -74.007557200000008)"
4078,3335,Union St & 4 Ave,40.6772744,-73.98282002,"(40.677274400000002, -73.982820020000005)"
195,3336,E 97 St & Madison Ave,40.787801,-73.953559,"(40.787801000000002, -73.953558999999998)"
616098,3338,2 Ave & E 99 St,40.786258600000004,-73.94552579,"(40.786258600000004, -73.945525790000005)"
2713,3339,Berkeley Pl & 6 Ave,40.6765304,-73.97846879,"(40.676530399999997, -73.978468789999994)"
6506,3340,Wolcott St & Dwight St,40.6753274,-74.0100698,"(40.6753274, -74.010069799999997)"
351,3341,Central Park West & W 102 St,40.795346,-73.96186,"(40.795346000000002, -73.961860000000001)"
37287,3342,Pioneer St & Richards St,40.677774799999995,-74.0094613,"(40.677774799999995, -74.009461299999998)"
904,3343,W 107 St & Columbus Ave,40.7997568,-73.9621128676,"(40.799756799999997, -73.962112867599998)"
284051,3344,Pioneer St & Van Brunt St,40.679043,-74.011169,"(40.679043, -74.011168999999995)"
855,3345,Madison Ave & E 99 St,40.78948541553215,-73.9524292945862,"(40.789485415532148, -73.952429294586196)"
26449,3347,Van Brunt St & Wolcott St,40.6773429,-74.01275056,"(40.677342899999999, -74.012750560000001)"
659695,3348,Coffey St & Conover St,40.677236,-74.015665,"(40.677236000000001, -74.015664999999998)"
641351,3349,Grand Army Plaza & Plaza St West,40.6729679,-73.97087984,"(40.672967900000003, -73.970879839999995)"
2760,3350,W 100 St & Broadway,40.797372100000004,-73.97041192,"(40.797372100000004, -73.970411920000004)"
3084,3351,E 102 St & 1 Ave,40.7869946,-73.94164802,"(40.7869946, -73.941648020000002)"
599,3353,Reed St & Van Brunt St,40.6747844,-74.01612847,"(40.6747844, -74.016128469999998)"
364823,3354,3 St & Prospect Park West,40.668132,-73.97363831,"(40.668132, -73.973638309999998)"
360416,3355,E 66 St & Madison Ave,40.768008893059466,-73.96845281124116,"(40.768008893059466, -73.968452811241164)"
592938,3356,Amsterdam Ave & W 66 St,40.7746671,-73.98470567,"(40.774667100000002, -73.984705669999997)"
3716,3357,W 106 St & Amsterdam Ave,40.80083629999999,-73.9664492472,"(40.800836299999993, -73.966449247200003)"
1187259,3358,Garfield Pl & 8 Ave,40.671197799999995,-73.97484126,"(40.671197799999995, -73.974841260000005)"
362379,3359,E 68 St & Madison Ave,40.7691572,-73.96703464,"(40.769157200000002, -73.967034639999994)"
764318,3360,Amsterdam Ave & W 79 St,40.7829391,-73.9786517,"(40.7829391, -73.9786517)"
6671,3361,Carroll St & 6 Ave,40.6740886,-73.9787282,"(40.674088599999997, -73.978728200000006)"
1590777,3362,Madison Ave & E 82 St,40.7781314,-73.96069399,"(40.778131399999999, -73.960693989999996)"
6743,3363,E 102 St & Park Ave,40.7904828,-73.95033068,"(40.790482799999999, -73.950330679999993)"
5893,3364,Carroll St & 5 Ave,40.6751622,-73.9814832,"(40.675162200000003, -73.9814832)"
242563,3365,3 St & 7 Ave,40.67038370000001,-73.97839676,"(40.670383700000009, -73.978396759999995)"
742,3366,West End Ave & W 107 St,40.8021174,-73.9681805305,"(40.8021174, -73.968180530500007)"
1116,3367,5 Ave & E 103 St,40.792255299999994,-73.95249933,"(40.792255299999994, -73.952499329999995)"
1154,3368,5 Ave & 3 St,40.672815500000006,-73.98352355,"(40.672815500000006, -73.983523550000001)"
588969,3370,78 St & 2 Ave,40.7727966,-73.95577801,"(40.7727966, -73.955778010000003)"
1111539,3372,E 74 St & 1 Ave,40.7689738,-73.95482273,"(40.768973799999998, -73.954822730000004)"
4021,3373,3 St & 3 Ave,40.675070500000004,-73.98775226,"(40.675070500000004, -73.987752259999993)"
14232,3374,Central Park North & Adam Clayton Powell Blvd,40.799484,-73.955613,"(40.799484, -73.955613)"
1548260,3375,3 Ave & E 72 St,40.7699426,-73.96060712,"(40.7699426, -73.960607120000006)"
1602252,3376,E 65 St & 2 Ave,40.76471851944339,-73.96222069859505,"(40.764718519443392, -73.962220698595047)"
84948,3377,Carroll St & Bond St,40.6786115,-73.99037292,"(40.678611500000002, -73.990372919999999)"
576893,3378,E 76 St & Park Ave,40.773763,-73.96222088,"(40.773763000000002, -73.962220880000004)"
666,3379,E 103 St & Lexington Ave,40.790305100000005,-73.94755757,"(40.790305100000005, -73.947557570000001)"
24969,3381,3 St & Hoyt St,40.6777287,-73.99364123,"(40.677728700000003, -73.993641229999994)"
10,3382,Carroll St & Smith St,40.680611,-73.99475825,"(40.680610999999999, -73.994758250000004)"
903,3383,Cathedral Pkwy & Broadway,40.804213,-73.96699104,"(40.804212999999997, -73.966991039999996)"
104833,3384,Smith St & 3 St,40.678724200000005,-73.99599099,"(40.678724200000005, -73.995990989999996)"
2858,3386,1 Pl & Clinton St,40.6809591,-73.99905709,"(40.680959100000003, -73.999057089999994)"
5881,3387,E 106 St & Madison Ave,40.79343370000001,-73.94945003,"(40.793433700000008, -73.949450029999994)"
2206,3388,President St & Henry St,40.6828003,-73.99990419,"(40.682800299999997, -73.999904189999995)"
456,3389,Carroll St & Columbia St,40.6830456,-74.00348559,"(40.6830456, -74.003485589999997)"
8883,3390,E 109 St & 3 Ave,40.79329668,-73.9432083,"(40.793296679999997, -73.943208299999995)"
2218,3391,E 106 St & 1 Ave,40.7892529,-73.93956237,"(40.789252900000001, -73.939562370000004)"
2162,3392,Commerce St & Van Brunt St,40.681211700000006,-74.00860912,"(40.681211700000006, -74.008609120000003)"
21592,3393,Richards St & Delavan St,40.67943270000001,-74.00785041,"(40.679432700000007, -74.007850410000003)"
95077,3394,Columbia St & W 9 St,40.6769993,-74.00647134,"(40.676999299999999, -74.006471340000004)"
6654,3395,Henry St & W 9 St,40.6763744,-74.00324957,"(40.6763744, -74.003249569999994)"
557,3396,Clinton St & 4 Place,40.6783563,-74.00014502,"(40.678356299999997, -74.000145020000005)"
13922,3397,Court St & Nelson St,40.6763947,-73.99869893,"(40.676394700000003, -73.998698930000003)"
19562,3398,Smith St & 9 St,40.67469570000001,-73.99785768,"(40.674695700000008, -73.997857679999996)"
1243542,3399,7 St & 3 Ave,40.67260298150126,-73.98983001708984,"(40.672602981501257, -73.989830017089844)"
1095,3400,E 110 St & Madison Ave,40.796153499999996,-73.94782145,"(40.796153499999996, -73.947821450000006)"
1686,3401,2 Ave & 9 St,40.6724811,-73.99331394,"(40.672481099999999, -73.993313939999993)"
332,3402,Court St & State St,40.6902375,-73.99203074,"(40.690237500000002, -73.992030740000004)"
935,3403,4 Ave & 9 St,40.6705135,-73.98876585,"(40.670513499999998, -73.988765849999993)"
215,3404,7 St & 5 Ave,40.670492200000005,-73.98541675,"(40.670492200000005, -73.985416749999999)"
3660,3405,5 St & 6 Ave,40.670483600000004,-73.98208968,"(40.670483600000004, -73.982089680000001)"
1378,3408,Congress St & Clinton St,40.6881529,-73.99520919,"(40.688152899999999, -73.995209189999997)"
993709,3409,Bergen St & Smith St,40.686744299999994,-73.99063168,"(40.686744299999994, -73.990631680000007)"
11241,3410,Dean St & Hoyt St,40.686444200000004,-73.98759104,"(40.686444200000004, -73.987591039999998)"
2877,3411,Bond St & Bergen St,40.6849668,-73.98620772,"(40.684966799999998, -73.986207719999996)"
601843,3412,Pacific St & Nevins St,40.6853761,-73.98302136,"(40.685376099999999, -73.983021359999995)"
1190,3413,Wyckoff St & 3 Ave,40.6827549,-73.98258555,"(40.682754899999999, -73.982585549999996)"
1061670,3414,Bergen St & Flatbush Ave,40.680944723477296,-73.97567331790923,"(40.680944723477296, -73.975673317909227)"
693,3415,Prospect Pl & 6 Ave,40.6793307,-73.97519523,"(40.679330700000001, -73.975195229999997)"
299,3416,7 Ave & Park Pl,40.67761470000001,-73.97324283,"(40.677614700000007, -73.973242830000004)"
10444,3417,Baltic St & 5 Ave,40.6795766,-73.97854971,"(40.679576599999997, -73.978549709999996)"
244495,3418,Plaza St West & Flatbush Ave,40.675020700000005,-73.97111473,"(40.675020700000005, -73.971114729999996)"
937,3419,Douglass St & 4 Ave,40.67927879999999,-73.98154004,"(40.679278799999992, -73.981540039999999)"
303,3420,Douglass St & 3 Ave,40.6802133,-73.98432695,"(40.680213299999998, -73.984326949999996)"
31055,3421,Hoyt St & Warren St,40.6843549,-73.98901629,"(40.684354900000002, -73.989016289999995)"
2482,3422,Columbia St & Degraw St,40.6859296,-74.00242364,"(40.685929600000001, -74.002423640000004)"
321726,3423,West Drive & Prospect Park West,40.6610633719006,-73.97945255041121,"(40.661063371900603, -73.97945255041121)"
621537,3424,E 106 St & Lexington Ave,40.791976,-73.945993,"(40.791975999999998, -73.945993000000001)"
4654,3425,2 Ave  & E 104 St,40.789210499999996,-73.94370784,"(40.789210499999996, -73.943707840000002)"
3730,3427,Lafayette St & Jersey St,40.72430527250332,-73.99600982666016,"(40.724305272503322, -73.996009826660156)"
55070,3428,8 Ave & W 16 St,40.740983,-74.00170200000001,"(40.740983, -74.001702000000009)"
310400,3429,Hanson Pl & Ashland Pl,40.68506807308177,-73.97790759801863,"(40.685068073081773, -73.977907598018632)"
422360,3430,Richardson St & N Henry St,40.71907891179564,-73.94223690032959,"(40.719078911795641, -73.94223690032959)"
736897,3431,E 35 St & 3 Ave,40.746524,-73.977885,"(40.746524000000001, -73.977885000000001)"
1199788,3432,Bike in Movie Night | Prospect Park Bandshell,40.662987,-73.97691800000001,"(40.662987000000001, -73.976918000000012)"
1644159,3434,W 88 St & West End Ave,40.790254173304184,-73.97718340158461,"(40.790254173304184, -73.977183401584611)"
1643156,3435,Grand St & Elizabeth St,40.718821999999996,-73.99596,"(40.718821999999996, -73.995959999999997)"
1643532,3436,Greenwich St & Hubert St,40.721319,-74.010065,"(40.721319000000001, -74.010064999999997)"
